{
    "m1_conda": {"half": [0.0004092783486224056, 0.0007812115020133034, 0.0008713983324312402, 0.0008878519906233317], "single": [0.0006193101050830301, 0.02616776280447782, 0.1130410961358208, 0.21194872309424279, 0.2708774901002801, 0.35716888131825264, 0.380496276041565], "double": [0.0007645051807125535, 0.02585924852393428, 0.042330218922552273, 0.10574053274062663, 0.12065107116993146, 0.172121491999341, 0.16931877444320317]},

    "m1max_conda": {"half": [
            0.0004086090335171735,
            0.0007833152388493036,
            0.0008936913893769335,
            0.0009153378402719813
        ], "single": [
            0.0008428598413216323,
            0.03001222917751158,
            0.029794094597927038,
            0.21241762959167187,
            0.3115874609923424,
            0.5220699870496306,
            0.6583468684606189
        ], "double": [
            0.0009585731018455054,
            0.022396715194529047,
            0.027538228915790323,
            0.10572746628637483,
            0.15382330837942235,
            0.23262375994959952,
            0.34587526675926544
        ]
    },
    "m2max_conda": {"half": [0.0004443034785221023, 0.000860793027737983, 0.0009308728419776457, 0.0009538710512566993], "single": [0.0015321259278998614, 0.029573193373585473, 0.027375171318721712, 0.275208413306605, 0.35776564626313434, 0.5692507488190478, 0.7234705006354154], "double": [0.0009616747399288569, 0.028932592311009097, 0.030924759353421847, 0.15187139731898086, 0.18762510800168392, 0.26739372048306864, 0.33710768220184817]},
    "5600X": {"half": [0.00031649555969477194, 0.0004429624521242473, 0.00045176385345831893, 0.00044767032955241005], "single": [0.0011210651516223768, 0.015541673831895262, 0.12345566497930834, 0.5221033398595432, 0.6046894962441699, 0.5845300434203303, 0.6110631719306876], "double": [0.0011714019415191097, 0.022773220615166543, 0.09975733137255229, 0.25551323506984097, 0.24554081069186384, 0.26428016260262405, 0.24886588067378393]}
}