{
    "m1_conda": {"half": [0.0004092783486224056, 0.0007812115020133034, 0.0008713983324312402, 0.0008878519906233317], "single": [0.0006193101050830301, 0.02616776280447782, 0.1130410961358208, 0.21194872309424279, 0.2708774901002801, 0.35716888131825264, 0.380496276041565], "double": [0.0007645051807125535, 0.02585924852393428, 0.042330218922552273, 0.10574053274062663, 0.12065107116993146, 0.172121491999341, 0.16931877444320317]},
    "m1_accelerate": {"half": [0.00039805150320652193, 0.0007880880390695354, 0.000882032582837785, 0.0009027008422924539], "single": [0.0007488519213140483, 0.03519933247989586, 0.6552008395488085, 0.9507143784210628, 0.8610623398406237, 0.8633752118053882, 0.9037524975755015], "double": [0.000813508238796356, 0.04847042293259815, 0.20769856583082302, 0.24786045203168405, 0.2295632319197267, 0.23221291848473144, 0.23077754634609474]},
    "m1max_accelerate": {"half": [
            0.0003897630181147674,
            0.0007988974622913285,
            0.0008901944134069948,
            0.0009155269875848388
        ], "single": [
            0.0009366109168059266,
            0.048108430518826635,
            0.7185173750702091,
            1.6544931160822476,
            1.6205203909662875,
            1.7822035291440472,
            1.8806125368272157
        ], "double": [
            0.000882076378918813,
            0.04073269987173528,
            0.26478096399673295,
            0.18433912595829846,
            0.4816400103055991,
            0.48916334161736597,
            0.4848700180658328
        ]
    },
    "m1max_conda": {"half": [
            0.0004086090335171735,
            0.0007833152388493036,
            0.0008936913893769335,
            0.0009153378402719813
        ], "single": [
            0.0008428598413216323,
            0.03001222917751158,
            0.029794094597927038,
            0.21241762959167187,
            0.3115874609923424,
            0.5220699870496306,
            0.6583468684606189
        ], "double": [
            0.0009585731018455054,
            0.022396715194529047,
            0.027538228915790323,
            0.10572746628637483,
            0.15382330837942235,
            0.23262375994959952,
            0.34587526675926544
        ]
    },
    "m2max_conda": {"half": [0.0004443034785221023, 0.000860793027737983, 0.0009308728419776457, 0.0009538710512566993], "single": [0.0015321259278998614, 0.029573193373585473, 0.027375171318721712, 0.275208413306605, 0.35776564626313434, 0.5692507488190478, 0.7234705006354154], "double": [0.0009616747399288569, 0.028932592311009097, 0.030924759353421847, 0.15187139731898086, 0.18762510800168392, 0.26739372048306864, 0.33710768220184817]},
    "m2max_accelerate": {"half": [0.00044676413991636316, 0.000922081654034444, 0.0010167729254819695, 0.001008215566734681], "single": [0.0017046506155971594, 0.033337406284915404, 0.559209166614983, 2.103821010057725, 1.9137259490396272, 2.1236361953168568, 2.125655203238659], "double": [0.000900572059770462, 0.031546171186431084, 0.2429996889802853, 0.5506411204634831, 0.5611786489987137, 0.5889304382186892, 0.5777451519944512]},
    "m3max_conda": {"half": [0.0005127034523168703, 0.0009432546086620664, 0.0010473012660031432, 0.0010679940693955495], "single": [0.0012241913190017032, 0.03631947305337603, 0.09582598138790405, 0.4165199155379235, 0.5287130733507768, 0.6965158299765782, 1.138950004896778], "double": [0.0013955964676746332, 0.03255031956824098, 0.03606281400816773, 0.20578789153568683, 0.2948266641426482, 0.3491058903311514, 0.526908017148229]},
    "m3max_accelerate": {"half": [0.000586723315996823, 0.0010274104873819728, 0.0011228044214223335, 0.0011391781195382064], "single": [0.0010276397752283259, 0.0640089608934847, 0.7818012035326896, 2.4069159279766783, 2.5358497330664496, 2.672175875462209, 2.7649797933051206], "double": [0.001494002367902139, 0.04705164881845581, 0.29563045591795234, 0.6654874967964128, 0.7081180609863501, 0.7195191466326626, 0.7197625337408882]},
    "5600X": {"half": [0.00031649555969477194, 0.0004429624521242473, 0.00045176385345831893, 0.00044767032955241005], "single": [0.0011210651516223768, 0.015541673831895262, 0.12345566497930834, 0.5221033398595432, 0.6046894962441699, 0.5845300434203303, 0.6110631719306876], "double": [0.0011714019415191097, 0.022773220615166543, 0.09975733137255229, 0.25551323506984097, 0.24554081069186384, 0.26428016260262405, 0.24886588067378393]}
}